{"cameraMode":{"drawMode":0,"name":"Shaded","section":"Shading Mode"},"sceneLighting":true,"audioPlay":false,"sceneViewState":{"m_AlwaysRefresh":false,"showFog":true,"showSkybox":true,"showFlares":true,"showImageEffects":true,"showParticleSystems":true,"showVisualEffectGraphs":true,"m_FxEnabled":true},"in2DMode":false,"pivot":{"x":0.7269383668899536,"y":-0.2710614502429962,"z":0.9982649087905884},"rotation":{"x":0.24764473736286164,"y":0.5439956784248352,"z":-0.17204764485359193,"w":0.78303462266922},"size":2.6320507526397707,"orthographic":false}